date,message,repo
2025-10-10,"feat: Implement live audio streaming with real-time analysis and visualization

- Add Analyser class for FFT analysis of audio input, producing 16 bins.
- Create AudioIO class for handling microphone input and speaker output, including PCM conversion.
- Develop GeminiLiveClient for WebSocket communication with Gemini Live API, sending and receiving audio data.
- Build LiveAudioPage to manage audio streaming, permissions, and UI state.
- Integrate SphereScene for 3D visualization of audio data, reacting to input and output energy.
- Ensure proper resource management with initialization and disposal of audio components.",Inforwaves/articom-base-mobile
2025-10-02,feat: Implement theme management and add SettingsSheet for user preferences,Inforwaves/articom-base-mobile
2025-10-02,feat: Add ProfileSheet widget and integrate it into HomePage for user profile display and sign-out functionality,Inforwaves/articom-base-mobile
2025-10-02,feat: Add HistorySheet widget and integrate it into HomePage for displaying user conversation history,Inforwaves/articom-base-mobile
2025-10-02,style: Format code for improved readability in HomePage and ActionsSheet,Inforwaves/articom-base-mobile
2025-10-02,"feat: Add ActionsSheet, ExploreSheet, MenuAction, and NavigationSideMenu widgets

- Implemented ActionsSheet for displaying action items in a draggable sheet.
- Created ExploreSheet to showcase programs, suggestions, and a hero section with video support.
- Introduced MenuAction class to represent items in the navigation side menu.
- Developed NavigationSideMenu for a drawer-style menu with customizable actions and close functionality.",Inforwaves/articom-base-mobile
2025-10-02,feat: Implement Actions bottom sheet with dynamic action sections for enhanced user interaction,Inforwaves/articom-base-mobile
2025-10-02,feat: Replace Explore bottom sheet implementation with DraggableScrollableSheet for improved user experience,Inforwaves/articom-base-mobile
2025-10-02,feat: Add Explore bottom sheet with mini cards and suggestion pills for enhanced user interaction,Inforwaves/articom-base-mobile
2025-10-02,feat: Enhance side menu functionality with dynamic action handling and add Explore bottom sheet,Inforwaves/articom-base-mobile
2025-10-02,feat: Refactor AppBar implementation in HomePage for improved layout and glassmorphic effect,Inforwaves/articom-base-mobile
2025-10-02,feat: Refactor HomePage to use StatefulWidget and implement side menu with animations,Inforwaves/articom-base-mobile
2025-10-02,"chore: update dependencies and versions

- Updated `flutter_test` dependencies by removing unused packages and retaining only necessary ones.
- Bumped `test_api` version from 0.7.4 to 0.7.6.
- Removed deprecated packages from `pubspec.lock` and updated versions for `leak_tracker`, `leak_tracker_flutter_testing`, and `test`.
- Updated Flutter SDK version from 3.32.8 to 3.35.4.
- Adjusted `minSdk` in `build.gradle` to use `flutter.minSdkVersion`.
- Updated `flutter-plugins-dependencies` to reflect the latest plugin versions and paths.",Inforwaves/articom-base-mobile
2025-09-04,style: Format code for better readability in HomePage and SuggestionPills components,Inforwaves/articom-base-mobile
2025-09-04,feat: Add SuggestionPills component and integrate into HomePage and routing,Inforwaves/articom-base-mobile
2025-09-04,feat: Enhance MiniCard layout with improved image and text positioning for left and right variants,Inforwaves/articom-base-mobile
2025-09-04,style: Adjust border radius and padding in MiniCard layout for consistency,Inforwaves/articom-base-mobile
2025-09-04,feat: Add MiniCard component and integrate into navigation,Inforwaves/articom-base-mobile
2025-09-04,chore: Remove unused SwipeCardItem model file,Inforwaves/articom-base-mobile
2025-09-04,feat: Add SwipeCard component and integrate into navigation,Inforwaves/articom-base-mobile
2025-08-22,"Add new  ChatInputBar with history, voice input, and document scanning",Inforwaves/articom-base-mobile
2025-08-22,Refactor video handling and remove fullscreen widget for improved structure,Inforwaves/articom-base-mobile
2025-08-22,"feat: Enhance UI with glassmorphism and Google Maps integration
- Simplified ChatBubble widget by removing unnecessary file opening logic.
- Added dark mode styles for Google Maps in assets/map_styles/map_style_dark.json.
- Updated pubspec.yaml to include google_maps_flutter dependency and added map styles.",Inforwaves/articom-base-mobile
2025-08-21,Added the proper attachment adding tot he chat input bar,Inforwaves/articom-base-mobile
2025-08-21,"Refactor chat_page structure for better spacing.

- and added assets.",Inforwaves/articom-base-mobile
2025-08-21,"feat: Implement app background gradient and enhance theme structure

- Added AppBackground widget for consistent radial gradient background across the app.
- Updated AppTheme to include new background gradient colors for light and dark modes.
- Refactored various widgets to use const constructors for improved performance.
- Introduced CardsPage, CarouselPage, ChatPage, MapsPage, OptionsPage, and VideosPage with structured layouts and integrated components.
- Enhanced chat functionality with message handling and attachment support.
- Improved navigation and user experience with glassmorphic tiles in HomePage.
- Added route observer for better navigation tracking.",Inforwaves/articom-base-mobile
2025-08-20,Update video URLs in DemoPage and adjust text styles in AppTheme for consistency,Inforwaves/articom-base-mobile
2025-08-20,\Remove delete attachements button.,Inforwaves/articom-base-mobile
2025-08-20,Enhance MapPreviewCard with glass morph effect and update button styling in OptionsComponent,Inforwaves/articom-base-mobile
2025-08-20,feat: Update color configurations and enhance CardComponent with improved styling and interactivity,Inforwaves/articom-base-mobile
2025-08-20,"feat: Add universal video card and fullscreen player with support for various video providers

- Implemented UniversalVideoCard widget for displaying videos from direct URLs, YouTube, TikTok, and Facebook.
- Added UniversalVideoFullscreen widget for immersive video playback.",Inforwaves/articom-base-mobile
2025-08-20,"Added centralized AppTheme class.
- Updated CardComponent, CarouselSection, ChatBubble, MapPreviewCard, OptionsComponent, and their respective themes to use AppTheme for styling.",Inforwaves/articom-base-mobile
2025-08-20,"Updated CardComponent to include a new action model for handling button and link actions.
- Introduced dynamic height for CardComponent based on content, including optional description and actions.
- Enhanced MapPreviewCard to support Google Maps JavaScript API with a customizable dark theme.
- Improved HTML generation for map previews, including fallback for iframe usage.",Inforwaves/articom-base-mobile
2025-08-19,feat: Refactor OptionsComponent to use API-shaped data model and add MapPreviewCard widget,Inforwaves/articom-base-mobile
2025-08-18,Enhance Carousel with haptic feedback and drag-to-close functionality.,Inforwaves/articom-base-mobile
2025-08-15,add single attachment display and improve badge layout for multiple attachments,Inforwaves/articom-base-mobile
2025-08-15,Add OptionsComponent: implement a customizable options selection widget with themes and haptic feedback.,Inforwaves/articom-base-mobile
2025-08-15,Enhance attachment expander: add pull-down-to-close functionality and improve drag behavior,Inforwaves/articom-base-mobile
2025-08-15,Enhance ChatBubble: added full screen grid view of attachments to include names and delete attacments,Inforwaves/articom-base-mobile
2025-08-14,Refactor ChatBubble: remove box shadows for a cleaner UI and improve layout consistency,Inforwaves/articom-base-mobile
2025-08-14,Implement chat message model and update DemoPage to display messages dynamically,Inforwaves/articom-base-mobile
2025-08-14,"Enhance ChatBubble UI: adjust spacing, add multiple message support, and refine attachment display",Inforwaves/articom-base-mobile
2025-08-14,"Add chat bubble widget with attachment support

- Implemented ChatBubble widget to display messages with optional attachments.
- Created Attachment model to handle different types of attachments (PDF, DOC, IMAGE, VIDEO, AUDIO, OTHER).
- Added UI for displaying attachments in a stack format within the chat bubble.
- Included action buttons for copying text and editing messages (only for sent messages).
- Integrated assets for PDF and DOC file types.",Inforwaves/articom-base-mobile
2025-08-14,Refactor CardComponent and Carousel to enforce square dimensions; update image handling for consistency and improved layout.,Inforwaves/articom-base-mobile
2025-08-14,Rename package from 'bloc_clean_architecture' to 'articom_base_mobile' across configuration files; update main.dart to include chat input bar and add a new carousel item.,Inforwaves/articom-base-mobile
2025-08-13,Refactor CardItem and CarouselItem models to replace 'portionText' with 'subText' for consistency; update related components and UI references accordingly.,Inforwaves/articom-base-mobile
2025-08-13,Add CardItem and CarouselItem models for menu items.,Inforwaves/articom-base-mobile
2025-08-13,basic text inbut bar created.,Inforwaves/articom-base-mobile
2025-08-13,Add  dark mode to RestaurantMenuCard,Inforwaves/articom-base-mobile
2025-08-13,Update package namespace and application ID to match project structure,Inforwaves/articom-base-mobile
2025-08-13,"Refactor RestaurantMenuCard widget for improved layout and functionality

- Updated the structure and comments for better readability and maintainability.
- Introduced a new inline fullscreen expansion overlay for the main image.
- Enhanced the preview rail to support dynamic spacing and alignment.
- Adjusted the metrics calculation for card dimensions and visual elements.
- Improved the handling of tap interactions for the card and action icons.
- Added customizable parameters for bottom fade effects and preview spacing.
- Refined the image loading and error handling in the inline expander.",Inforwaves/articom-base-mobile
2025-08-13,Add restaurant menu card widget.,Inforwaves/articom-base-mobile
2025-08-13,Event card added,Inforwaves/articom-base-mobile
2025-08-12,initial commit,Inforwaves/articom-base-mobile
2025-08-12,first commit,Inforwaves/articom-base-mobile
2025-09-04,"Merge pull request #2 from Inforwaves/Sithija

Chat Bubble Implementation and Options Card Implementation",Inforwaves/articom-base-mobile
2025-12-23,"feat: Introduce `onPressed` for `VoiceAssistantButton` and `expandOnImageTap` for `MiniCard`, update package version, and remove unused dependencies.",Inforwaves/articom-base-mobile
2025-12-22,Professionalize docs and bump to 0.0.1-dev.4,Inforwaves/articom-base-mobile
2025-12-22,"Add detailed component docs, bump to 0.0.1-dev.3",Inforwaves/articom-base-mobile
2025-12-22,Update docs and bump version to 0.0.1-dev.2,Inforwaves/articom-base-mobile
2025-12-22,Prepare articom_ui for publication,Inforwaves/articom-base-mobile
2025-12-22,refactor: remove unused `_GlassPill` widget and improve code formatting in `CardComponent`.,Inforwaves/articom-base-mobile
2025-12-22,"feat: Extract UI components, theme, and models into `articom_ui` package and update base application imports to utilize it.",Inforwaves/articom-base-mobile
2025-12-22,refactor: Extract common UI components and theme into a new `articom_ui` package.,Inforwaves/articom-base-mobile
2025-10-10,"Refactor voice assistant integration and enhance theme support

- Deleted outdated documentation files: VOICE_INTEGRATION_SUMMARY.md and VOICE_PAGE_README.md.
- Updated voice assistant example page to reflect new Next.js app directory structure.
- Modified voice_page.dart to support dynamic theme detection and injection.
- Improved UI responsiveness and color schemes based on device theme.
- Added theme integration documentation detailing the communication flow between Flutter and Next.js.
- Created a new HTML file for the voice assistant interface with enhanced styling and functionality.
- Updated start script to reflect new directory names and ensure proper server startup.",Inforwaves/articom-base-mobile
2025-10-10,"feat: Complete integration of voice assistant into Flutter app

- Implemented Next.js voice route for embedding in WebView
- Created Flutter voice page with loading states and error handling
- Added reusable UI components for voice assistant access
- Developed example page demonstrating various integration methods
- Provided comprehensive documentation for setup and usage
- Configured network security for cleartext traffic during development
- Enhanced Flutter app with microphone permissions and error handling
- Added quick start script for seamless development experience",Inforwaves/articom-base-mobile
2025-11-20,"Merge pull request #1 from Inforwaves/initial

Initial",Inforwaves/articom-docs
2025-11-19,fix: Update theme from maple to almond in documentation configuration,Inforwaves/articom-docs
2025-11-19,add  logo SVG file,Inforwaves/articom-docs
2025-11-19,feat: Revamp documentation for Articom platform,Inforwaves/articom-docs
2025-11-19,fresh mint project,Inforwaves/articom-docs
2025-11-25,"refactor: Update gradient color shades, remove microphone input button, and add reCAPTCHA disclaimer.",Inforwaves/articom-saas-v2
2025-11-25,refactor: update prompt text from 'Generate layout & code' to 'Generate assistant template',Inforwaves/articom-saas-v2
2025-11-25,feat: Integrate ReCAPTCHA for AI chat requests and refine token expiration handling for opaque tokens.,Inforwaves/articom-saas-v2
2025-11-25,refactor: Update global font to Golos Text and introduce CSS/variant refactoring scripts.,Inforwaves/articom-saas-v2
2025-11-25,style: Apply flex column layout to BuildWithAIPopup container.,Inforwaves/articom-saas-v2
2025-11-25,"feat: Improve AI chat popup UI with animations and suggested prompts, and add recaptcha token to agent requests.",Inforwaves/articom-saas-v2
2025-11-25,feat: Integrate AI agent for dynamic chat responses in BuildWithAIPopup via a new AI chat service.,Inforwaves/articom-saas-v2
2025-11-13,refactor: Remove unnecessary debug and error logging in OTP request and verification processes,Inforwaves/dialog-ai-api
2025-11-13,feat: Update SSL configuration to disable unauthorized rejection in database and API services,Inforwaves/dialog-ai-api
2025-11-13,feat: Update authentication handling in chat and marketplace components,Inforwaves/dialog-ai-portal
2025-12-18,"feat(ios): Migrate from CocoaPods to Swift Package Manager

Major Changes:
- Remove CocoaPods dependency management (Podfile, Podfile.lock)
- Integrate Swift Package Manager for iOS plugin dependencies
- Add FlutterGeneratedPluginSwiftPackage to Xcode project
- Configure 'Run Prepare Flutter Framework Script' pre-action in build scheme

iOS Changes:
- Updated project.pbxproj with SPM package references
- Modified Runner.xcscheme to include SPM pre-action script
- Updated Flutter configuration files (Debug.xcconfig, Release.xcconfig)
- Regenerated app icons with Flutter standard naming (Icon-App-*)
- Updated workspace configuration for SPM compatibility

Android Changes:
- Migrated build scripts to Kotlin DSL (.gradle.kts)
- Updated MainActivity to Kotlin package structure
- Modernized Android build configuration

Dependencies:
- Updated pubspec.lock with latest package versions
- All Flutter plugins now resolved via SPM for iOS

This migration enables:
- Native Swift Package Manager support for iOS dependencies
- Faster dependency resolution and builds
- Better Xcode integration
- Elimination of CocoaPods overhead

Refs: Flutter SPM documentation
https://docs.flutter.dev/packages-and-plugins/swift-package-manager/for-app-developers",Inforwaves/employee-tracking-app-mobile
2025-12-16,chore: update gitignore to exclude macOS metadata files,Inforwaves/employee-tracking-app-mobile
2025-10-07,Update minimum SDK version to 24 and bump version to 1.1.3+32,Inforwaves/employee-tracking-app-mobile
2025-10-03,Update Android SDK to 36 for Play Store - Updated compileSdk from 35 to 36 - Updated targetSdk from 35 to 36 - Built release app bundle (43.3MB),Inforwaves/employee-tracking-app-mobile
2025-10-03,"Fix merge conflicts and update dependencies - Updated auth0_flutter to v1.14.0 - Updated Android Gradle and Kotlin versions - Fixed AndroidManifest permissions and service configurations - Added network security config for Auth0 - Added Background service, Boot receiver, and Watchdog receiver Kotlin classes - Fixed code formatting in login_page.dart - Bumped version to 1.1.2+31",Inforwaves/employee-tracking-app-mobile
2025-09-24,"Update Android build configuration: set compileSdk and targetSdk to 35, and add legacy packaging option",Inforwaves/employee-tracking-app-mobile
2025-09-24,Upgrade Java and Gradle versions; update dependencies in pubspec.lock,Inforwaves/employee-tracking-app-mobile
2025-12-19,feat: Initialize iOS dependency management with CocoaPods and Swift Package Manager for Firebase and update build configurations.,Inforwaves/employee-tracking-app-mobile
2025-12-18,chore: Add ignore rules for backup and unused platform directories.,Inforwaves/employee-tracking-app-mobile
2025-10-30,"fix: update compile and target SDK versions, add packaging options",Inforwaves/execution-excellence-frontend
2025-10-30,"chore: update dependencies and SDK version in pubspec.yaml

- Bump SDK version to >=3.0.0 <4.0.0
- Update onesignal_flutter to version 5.3.4
- Update shared_preferences to version 2.3.2
- Update image_picker to version 1.2.0
- Update modal_progress_hud_nsn to version 0.5.1
- Update webview_flutter to version 4.13.0
- Update sqflite to version 2.3.3+1
- Update flutter_pdfview to version 1.4.3
- Update path_provider to version 2.1.5
- Update url_launcher to version 6.3.2",Inforwaves/execution-excellence-frontend
2025-10-30,"chore: update dependencies and versions in pubspec.yaml and pubspec.lock

- Updated `onesignal_flutter` from ^5.0.4 to ^5.3.4
- Updated `shared_preferences` from ^2.0.10 to ^2.2.3
- Updated `image_picker` from ^0.8.4+4 to ^1.0.7
- Updated `modal_progress_hud_nsn` from ^0.2.1 to ^0.5.1
- Updated `webview_flutter` from ^3.0.0 to ^4.13.0
- Updated `path_provider` from ^2.0.1 to ^2.1.5
- Added `syncfusion_flutter_pdfviewer` dependency with version ^20.4.48
- Updated `url_launcher` from ^6.1.5 to ^6.3.2
- Updated `flutter_plugin_android_lifecycle` from transitive to direct main dependency with version 2.0.32
- Updated various transitive dependencies in pubspec.lock",Inforwaves/execution-excellence-frontend
2025-10-30,"Refactor MessageScreen, LeaveScreen, and TaskScreen for improved readability and consistency

- Cleaned up formatting in MessageScreen by adjusting indentation and removing commented-out code.
- Enhanced readability in LeaveScreen by aligning code and improving print statements.
- Streamlined sorting logic in TaskScreen and ensured consistent formatting across multiple sections.
- Removed unnecessary comments and improved the structure of widget trees for better maintainability.",Inforwaves/execution-excellence-frontend
2025-10-30,Refactor date picker imports to avoid naming conflicts and update dependencies in pubspec.yaml and pubspec.lock,Inforwaves/execution-excellence-frontend
2025-10-30,"Update Android Gradle settings and dependencies; bump Flutter SDK and Dart SDK versions

- Refactored `settings.gradle` to use plugin management and include Flutter tools.
- Updated `pubspec.lock` with new package versions and SHA256 checksums.
- Added new dependencies: `leak_tracker`, `leak_tracker_flutter_testing`, and `leak_tracker_testing`.
- Bumped Dart SDK version to `>=3.8.0-0 <4.0.0` and Flutter SDK version to `>=3.18.0-18.0.pre.54`.
- Incremented app version from `1.5.12+22` to `1.5.12+23` in `pubspec.yaml`.",Inforwaves/execution-excellence-frontend
2025-08-11,"Add token storage on OTP verification success

- Save verification token to SharedPreferences on successful OTP verification
- Add debug logging for token save operation
- Ensure SplashScreen can detect logged-in users on app restart
- Complete authentication flow with proper token persistence",Inforwaves/quiz-app
2025-08-11,"Refactor DI and app providers to wire VerifyBloc globally

Register VerifyBloc in app root with GetIt
Ensure verify feature dependencies are resolved in service locator
Keep AuthBloc dedicated to Send OTP",Inforwaves/quiz-app
2025-08-07,"Refactor authentication architecture to implement feature-based CRUD separation.
- Separate OTP verification logic from authentication feature into dedicated authentication-verify feature
- Remove verifyOtp operations from authentication feature (repository, datasource, usecase, bloc)
- Create complete authentication-verify feature with clean architecture layers:
  * Domain: entities, repositories, usecases (verify OTP, resend OTP)
  * Data: models, datasources, repository implementations with proper error handling
  * Presentation: dedicated VerifyBloc with comprehensive state management
- Update authentication-verify page to use new VerifyBloc instead of AuthBloc
- Update service locator (dependency injection) to register new authentication-verify dependencies
- Remove verify_otp_usecase.dart from authentication feature
- Update AuthBloc constructor to remove verifyOtpUseCase parameter
- Implement proper separation of concerns following feature-based CRUD approach
- Each feature now handles its own specific operations:
  * Authentication feature: Send OTP operations only
  * Authentication-verify feature: Verify OTP and resend OTP operations only
- Add comprehensive error handling with NetworkFailure and ServerFailure types
- Maintain clean architecture principles across both features
- Update imports and dependencies to reflect new architecture",Inforwaves/quiz-app
2025-08-07,"Add  repository interfaces for quiz domain

- Create QuizRepository with full CRUD operations and filtering
- Add QuizAttemptRepository for session and progress management
- Implement QuizResultRepository with analytics and leaderboards
- Add PaymentRepository for quiz purchase and payment processing",Inforwaves/quiz-app
2025-08-07,"Add comprehensive quiz domain entities with Clean Architecture

- Create QuizEntity with pricing, statistics, and status management
- Add QuestionEntity supporting multiple question types and validation
- Implement QuizAttemptEntity for session tracking and progress management
- Add UserAnswerEntity for detailed answer analytics and scoring",Inforwaves/quiz-app
2025-08-06,"Refactor authentication verification screen with improved OTP handling

- Add country code display in verification message
- Update OTP input fields with automatic focus
- Add resend OTP functionality with proper event handling
- Fix constructor to properly accept and use country code parameter
- Improve UI layout with responsive OTP input boxes
- Connect verify button to BLoC pattern instead of direct navigation""",Inforwaves/quiz-app
2025-08-06,"Fix authentication page BLoC integration

- Connect Continue button to BLoC instead of direct navigation
- Add BlocBuilder for loading state management
- Fix navigation to use correct AuthVerifyScreen class
- Implement proper error handling with SnackBar messages",Inforwaves/quiz-app
2025-08-06,"Add BLoC pattern and dependency injection for authentication

- Set up service locator with GetIt
- Create AuthBloc with events and states
- Configure Dio HTTP client
- Update main.dart with BLoC providers",Inforwaves/quiz-app
2025-08-06,"Implement data layer for authentication with API integration

- Add UserModel with JSON serialization and entity conversion
- Create AuthRemoteDataSource for OTP send and verify API calls
- Implement AuthRepositoryImpl with comprehensive error handling
- Add DioException mapping to domain failures
- Structure data layer following Clean Architecture principles
- Integrate Dio HTTP client for authentication endpoints",Inforwaves/quiz-app
2025-08-06,"Add Clean Architecture domain layer for authentication feature

- Create user entity with phone number and verification status
- Implement auth repository interface with OTP operations
- Add send OTP and verify OTP use cases with proper error handling
- Set up core infrastructure with failures and base use case classes
- Structure domain layer following Clean Architecture principles
- Prepare foundation for BLoC pattern implementation",Inforwaves/quiz-app
2025-08-06,Update Gradle wrapper and dependencies.,Inforwaves/quiz-app
2025-08-07,env example changed for my local dev,Inforwaves/viral-networks-be
2025-08-05,"Configure backend for safe local development environment

- Add local environment configuration with isolated database settings
- Modify Firebase authentication service to handle missing credentials gracefully
- Update database connection to use localhost instead of production settings
- Add error handling for Firebase initialization in development mode
- Create local development database name to prevent production conflicts
- Configure Docker services for local PostgreSQL, Adminer, and Maildev
- Set up database migrations and seed data for local environment
- Ensure all external services point to localhost for development safety",Inforwaves/viral-networks-be
2026-01-02,fix: Handle unassigned paper grades with `gradeId = 0` in filtering and safely manage null grade/medium/subject relations in paper details.,Inforwaves/viral-networks-be
2026-01-02,feat: allow paper grade filter to match null grade IDs,Inforwaves/viral-networks-be
2025-11-21,feat: Implement mock OTP functionality for app store reviewers and normalize phone number handling,Inforwaves/viral-networks-be
2025-11-18,"Merge pull request #154 from Inforwaves/subStatus

Sub status",Inforwaves/viral-networks-be
2025-11-18,Refactor code structure for improved readability and maintainability,Inforwaves/viral-networks-be
2025-11-18,feat: Add subscription status endpoint and enhance unsubscribe response,Inforwaves/viral-networks-be
2025-10-09,"chore: Update Android build configuration, permissions, and security settings for improved performance and compatibility",Inforwaves/viral-networks-fe
2025-10-09,chore: Update Android SDK versioning in build.gradle and refresh pubspec.lock dependencies,Inforwaves/viral-networks-fe
2025-09-04,refactor: Update email existence check logic in MobileNumberRepoImpl for clarity and future compatibility,Inforwaves/viral-networks-fe
2025-09-04,refactor: Update email existence check logic in MobileNumberRepoImpl for future compatibility,Inforwaves/viral-networks-fe
2025-09-04,refactor: Simplify error handling logic for email existence in MobileNumberRepoImpl and update mock response formatting,Inforwaves/viral-networks-fe
2025-09-04,feat: Enhance email error handling in MobileNumberRepoImpl and improve dialog management in SignUp page,Inforwaves/viral-networks-fe
2025-09-04,"Update lib/features/signup-mobilenumber/data/repository/mobilenumber_repo_impl.dart

Co-authored-by: Copilot <175728472+Copilot@users.noreply.github.com>",Inforwaves/viral-networks-fe
2025-09-04,"chore: Update compileSdk and targetSdk to 35, and adjust gradle.properties for compatibility",Inforwaves/viral-networks-fe
2025-09-03,refactor: Clean up error handling logic and improve readability in MobileNumberRepoImpl,Inforwaves/viral-networks-fe
2025-09-03,feat: Add email existence error handling and messages for sign-up process,Inforwaves/viral-networks-fe
2025-09-03,"Refactor MobileNumberRepoImpl to handle specific error for existing phone numbers and improve error handling in SignUp page

- Enhanced postMobileNumber method to return specific error for 'phoneAlreadyExists' scenario.
- Updated error handling in SignUp page to display appropriate messages based on mobile number existence.
- Cleaned up code formatting and improved readability across both MobileNumberRepoImpl and SignUp page.",Inforwaves/viral-networks-fe
2025-09-03,chore: Update dependencies and configurations for compatibility with Java 21 and Gradle 8.3,Inforwaves/viral-networks-fe
2025-11-14,Merge branch 'dev' into SignUpFix,Inforwaves/viral-networks-fe
2025-10-27,fix: Update artifact list format in GitHub Actions and set explicit NDK version for consistency,Inforwaves/viral-networks-fe
2025-10-24,fix: Correct minSdkVersion assignment in build.gradle and update kotlin daemon options in gradle.properties,Inforwaves/viral-networks-fe
2025-10-24,chore: Update dependencies and configurations for improved performance and compatibility,Inforwaves/viral-networks-fe
2025-08-07,"Update Android Gradle plugin and dependencies, upgrade Flutter SDK compatibility, and add URL launcher plugin",Inforwaves/viral-networks-fe
2025-11-14,Merge branch 'main' into dev,Inforwaves/viral-networks-fe
2025-11-14,"Merge pull request #82 from Inforwaves/SignUpFix

chore: Update dependencies and configurations for improved performancâ€¦",Inforwaves/viral-networks-fe
2025-11-14,fix: clean up unused imports and debug print statements in subscription repository,Inforwaves/viral-networks-fe
2025-11-14,"Refactor API response handling and update models for IdeaMart OTP verification

- Simplified response mapping in ProfileEditApiService and ProfilePicUploadApiService by directly assigning the fetched data.
- Updated SubMobileNumberIdeaMartApiService to use the new IdeaMartOtpResponseModel for handling OTP responses.
- Enhanced error handling in SubMobileNumberRepoImpl to provide more detailed feedback based on API responses.
- Added new models for IdeaMart OTP verification and response to improve data structure and clarity.
- Cleaned up code formatting and improved readability across multiple files.",Inforwaves/viral-networks-fe
2025-11-14,"feat: integrate IdeaMart API for non-Mobitel operator subscriptions

- Add IdeaMart endpoints (/api/ideamart/subscribe, /api/ideamart/submitPin)
- Create IdeaMart remote data sources and register in DI
- Route non-Mobitel numbers (077, 076, 074, etc.) to IdeaMart API
- Update UI to handle IdeaMart responses with platform=""ideamart""
- Simplify operator routing logic (Mobitel vs non-Mobitel)

BREAKING CHANGE: Non-Mobitel subscriptions now use IdeaMart instead of IdeaBiz",Inforwaves/viral-networks-fe
2025-10-27,chore: Update version to 1.0.9+23 and downgrade flutter_uxcam dependency to 2.5.8,Inforwaves/viral-networks-fe
2025-10-27,chore: Update dependencies and Gradle configurations for improved compatibility,Inforwaves/viral-networks-fe
2025-11-21,fix: increment version to 1.0.11+26 in pubspec.yaml,Inforwaves/viral-networks-fe
2025-11-21,fix: streamline method signatures in API services for improved readability,Inforwaves/viral-networks-fe
2025-11-21,fix: update API response types to use dynamic for flexibility in profile-related services,Inforwaves/viral-networks-fe
2025-11-21,fix: update data mapping in API services for better JSON handling,Inforwaves/viral-networks-fe
2025-11-20,fix: update dependencies and SSL handling for Dio; increment version to 1.0.10+25,Inforwaves/viral-networks-fe
2025-11-14,Merge branch 'main' into ideamart,Inforwaves/viral-networks-fe
2025-11-14,"Merge pull request #84 from Inforwaves/dev

Dev",Inforwaves/viral-networks-fe
2025-11-14,fix: update version number to 1.0.8+23 in pubspec.yaml,Inforwaves/viral-networks-fe
2025-11-21,fix: downgrade flutter_uxcam dependency to version 2.5.8,Inforwaves/viral-networks-fe
2025-11-21,"Merge pull request #86 from Inforwaves/ideamart

Ideamart",Inforwaves/viral-networks-fe
2025-11-14,fix: add core library desugaring dependency to build.gradle,Inforwaves/viral-networks-fe
2025-11-14,"Merge pull request #85 from Inforwaves/ideamart

fix: update version number to 1.0.8+23 in pubspec.yaml",Inforwaves/viral-networks-fe
2025-09-02,refactor: Improve code formatting and error handling for mobile number submission,Inforwaves/viral-networks-fe
2025-09-02,feat: Enhance phone number handling with specific error messages for existing numbers.,Inforwaves/viral-networks-fe
2025-09-02,chore: Update dependencies and Gradle configurations,Inforwaves/viral-networks-fe
2026-01-13, bump version,Inforwaves/xamit-app-frontend
2026-01-12,"feat: implement limited credit trial flow
- Remove credits navigation tab and credits page from layout
- Restore ""Required Credits"" display and validation in PaperDetailPage
- Fix async purchase flow to consume credits before quiz start
- Add ""Credits will be reset in every Monday"" message for insufficient credits
- Restore credit balance display in HomeBannerWidget
- Cleanup unused code in CreditsAndroidPage",Inforwaves/xamit-app-frontend
2026-01-09,"fix(android): resolve 'Ash Screen' and 'Stuck Spinner' in Credits page

- Implemented ValueNotifier for 'Purchase Points' dropdown to ensure reactive UI updates (fixes stuck spinner).
- Added robust null checks for transaction lists to prevent background page crashes.
- Hardened RegExp matching and list lookups with safe fallbacks to handle malformed product data.
- Removed unused imports.
- Verified against build 1.2.12+45.",Inforwaves/xamit-app-frontend
2026-01-09,"feat: implement separate Android credits page with RevenueCat

- Add CreditsAndroidPage for Android specific credit purchase flow

- Update Layout to conditionally render credits page based on platform

- Bump app version to 1.2.12+45

- Remove duplicate comments in main.dart",Inforwaves/xamit-app-frontend
2026-01-06,feat: centralize error message handling with a new utility and enhance the credits view's error display.,Inforwaves/xamit-app-frontend
2026-01-06,"refactor: Reimplement credits page with new state management, payment gateway assets, and dependency updates.",Inforwaves/xamit-app-frontend
2026-01-06,chore: increment build number,Inforwaves/xamit-app-frontend
2026-01-06,fix: Add request timeouts to API calls and mounted checks before setState calls.,Inforwaves/xamit-app-frontend
2026-01-06,"fix: Add RevenueCat ProGuard rules, remove duplicate payment config fetch, and enhance transaction fetching with robust error handling and state management.",Inforwaves/xamit-app-frontend
2026-01-06,"build: Refactor OneSignal Info.plist handling, add `ITSAppUsesNonExemptEncryption` to main Info.plist, include development export options, and increment app version.",Inforwaves/xamit-app-frontend
2026-01-05,deps: remove unused iOS plugins and update RevenueCat SDK dependencies.,Inforwaves/xamit-app-frontend
2026-01-05,feat: display a message when no payment methods are available and remove a redundant SizedBox.,Inforwaves/xamit-app-frontend
2026-01-02,feat: Enhance credits view to display package availability warnings and refine package selection logic.,Inforwaves/xamit-app-frontend
2026-01-02,feat: Add RevenueCat test store configuration and update app version.,Inforwaves/xamit-app-frontend
2025-12-31,"chore: Bump app version, update default API base URL, and set RevenueCat log level to error.",Inforwaves/xamit-app-frontend
2025-12-29,chore: add release signing configuration to debug build type,Inforwaves/xamit-app-frontend
2025-12-29,chore: Adjust default API base URL and temporarily disable test store mode UI in credits.,Inforwaves/xamit-app-frontend
2025-12-29,refactor: rename credit package identifiers from `credits_` to `credit_bundle_`.,Inforwaves/xamit-app-frontend
2025-12-19,"feat: Add Android billing permission, implement RevenueCat login with user ID, and enhance the test store UI.",Inforwaves/xamit-app-frontend
2025-12-18,"feat: Add RevenueCat sandbox mode detection, enhance purchase error handling, and improve initialization robustness.",Inforwaves/xamit-app-frontend
2025-12-11,feat: Update Kotlin Android plugin and externalize base URL configuration using environment variables.,Inforwaves/xamit-app-frontend
2025-12-11,"Refactor: Replace `print` with `debugPrint`, enhance payment flow with dialog dismissal and unsupported method alert, and improve RevenueCat error reporting.",Inforwaves/xamit-app-frontend
2025-12-11,"Update android/settings.gradle

Co-authored-by: Copilot <175728472+Copilot@users.noreply.github.com>",Inforwaves/xamit-app-frontend
2025-12-11,"Update lib/util/base.dart

Co-authored-by: Copilot <175728472+Copilot@users.noreply.github.com>",Inforwaves/xamit-app-frontend
2025-12-11,"Update lib/presentation/views/credits.dart

Co-authored-by: Copilot <175728472+Copilot@users.noreply.github.com>",Inforwaves/xamit-app-frontend
2025-12-11,"Update lib/main.dart

Co-authored-by: Copilot <175728472+Copilot@users.noreply.github.com>",Inforwaves/xamit-app-frontend
2025-12-11,chore: bump app version to 1.2.11+38,Inforwaves/xamit-app-frontend
2025-12-09,refactor: Unify Stripe payment processing for both Android and iOS by removing platform-specific payment conditions.,Inforwaves/xamit-app-frontend
2025-12-09,feat: Add multi-gateway payment selection and dynamically display points based on the chosen gateway.,Inforwaves/xamit-app-frontend
2025-12-09,"feat: Implement dynamic payment configurations for credit packages by adding a new model, API endpoint, and integrating them into the credits view.",Inforwaves/xamit-app-frontend
2025-12-08,feat: Display purchase points option and loading indicator on all platforms in credits view.,Inforwaves/xamit-app-frontend
2025-12-08,feat: Integrate RevenueCat for Android credit purchases and refactor payment flow to use RevenueCat for Android and Stripe for other platforms.,Inforwaves/xamit-app-frontend
2025-12-06,"feat: Implement platform-specific display for the Credits page and screenshot prevention, and bump app version.",Inforwaves/xamit-app-frontend
2025-12-06,"feat: Initialize Android platform, deduplicate paper models, and conditionally render UI elements for Android.",Inforwaves/xamit-app-frontend
2025-12-06,feat: disable purchase points UI and reformat payment error handling.,Inforwaves/xamit-app-frontend
2025-11-24,Enhance error handling in payment process and improve user feedback with SnackBars,Inforwaves/xamit-app-frontend
2025-11-24,Fix null safety issues in login.dart and bump version to 1.2.7+34,Inforwaves/xamit-app-frontend
2025-11-24,Refactor splash screen build method for improved readability,Inforwaves/xamit-app-frontend
2025-11-24,Refactor code structure for improved readability and maintainability,Inforwaves/xamit-app-frontend
2025-11-24,Refactor launch screen assets and styles for improved consistency and performance,Inforwaves/xamit-app-frontend
2025-11-24,Change sorting order for feedback and papers from DESC to ASC,Inforwaves/xamit-app-frontend
2025-11-20,Update Info.plist and quiz_screen.dart for improved user messaging; bump version to 1.2.6+33,Inforwaves/xamit-app-frontend
2025-11-20,Remove specific Flutter version from CI workflow to use the stable channel,Inforwaves/xamit-app-frontend
2025-11-20,Update Flutter version to 3.28.2 in CI workflow,Inforwaves/xamit-app-frontend
2025-11-20,"Merge pull request #32 from Inforwaves/orderKey

Order key",Inforwaves/xamit-app-frontend
2025-11-20,Merge branch 'main' into orderKey,Inforwaves/xamit-app-frontend
2025-11-20,change back to prod base url,Inforwaves/xamit-app-frontend
2025-11-20,"Refactor AttemptedPaperCard and PurchasedPaperCard for improved readability and consistency

- Reformatted constructor parameters for better alignment.
- Updated padding and layout structure in build methods for clarity.
- Enhanced subtitle sections with consistent styling and layout.
- Removed redundant code and improved widget organization.",Inforwaves/xamit-app-frontend
2025-11-20,Refactor API header management and improve error handling in various views; ensure proper state management in async operations.,Inforwaves/xamit-app-frontend
2025-11-20, Update dialog messages to reflect 'Submit Paper' instead of 'Submit Quiz'. Change base URL in Base class to staging environment. Update version number in pubspec.yaml.,Inforwaves/xamit-app-frontend
2025-11-18,Update dialog titles and messages to reflect 'Submit Paper' instead of 'Submit Quiz',Inforwaves/xamit-app-frontend
2025-11-18,"Refactor ViewPapersPage: Clean up code formatting, improve readability, and enhance search functionality. Adjusted API call structure for better clarity and consistency. Updated UI components for a more streamlined layout and user experience.",Inforwaves/xamit-app-frontend
2025-11-18,Refactor Android app configuration and update models for orderKey support,Inforwaves/xamit-app-frontend
2025-10-31,Implement SplashScreen with redirect to HomePage and update main.dart to use SplashScreen,Inforwaves/xamit-app-frontend
2025-10-30,"Merge pull request #29 from Inforwaves/flutterversionChange

Flutterversion change",Inforwaves/xamit-app-frontend
2025-10-30,Update Flutter version specification in CI workflow,Inforwaves/xamit-app-frontend
2025-10-30,"Update Flutter version to 3.27.0, including Dart 3.9.0+",Inforwaves/xamit-app-frontend
2025-10-29,"Merge pull request #28 from Inforwaves/UtagFix

Utag fix",Inforwaves/xamit-app-frontend
2025-10-29,Merge branch 'main' into UtagFix,Inforwaves/xamit-app-frontend
2025-10-29,Bump version to 1.2.4+31,Inforwaves/xamit-app-frontend
2025-10-29,Update compileSdkVersion and targetSdkVersion to 35; remove package attribute from AndroidManifest.xml,Inforwaves/xamit-app-frontend
2025-10-29,Refactor GetStartedPage for improved readability and consistency; streamline SIM country code handling and UI layout,Inforwaves/xamit-app-frontend
2025-10-29,Refactor YoutubePlayerController handling to improve null safety and state management,Inforwaves/xamit-app-frontend
2025-10-29,"Refactor API calls and improve code readability

- Updated HTTP GET and POST requests in base_data.dart to enhance readability by formatting headers and body parameters.
- Modified function signatures to use multi-line parameters for better clarity.
- Integrated Markdown rendering in choice_button.dart and feedback_button.dart for improved text formatting.
- Enhanced the attempt_feedback.dart view to support Markdown for question text.
- Improved credits.dart layout and transaction handling for better user experience.
- Added a new extension method to convert HTML underline tags to Markdown format in extensions.dart.",Inforwaves/xamit-app-frontend
2025-10-14,Enhance token management and error handling in payment process; add NDK configuration and legacy packaging options,Inforwaves/xamit-app-frontend
2025-10-13,"Add ProGuard rules for Stripe, React Native SDK, and Flutter; disable resource shrinking and minification in release build",Inforwaves/xamit-app-frontend
2025-10-08,"Refactor Gradle build scripts: replace GradleException with FileNotFoundException for missing Flutter SDK, streamline Kotlin JVM target alignment, and remove unused init.gradle file.",Inforwaves/xamit-app-frontend
2025-10-08,Align Kotlin JVM target with Java version and update purchases_flutter dependency to version 8.11.0,Inforwaves/xamit-app-frontend
2025-10-08,Remove modal_progress_hud_nsn plugin references and update its version in pubspec.yaml and pubspec.lock,Inforwaves/xamit-app-frontend
2025-10-08,Ensure consistent JVM target for Java and Kotlin in build configuration,Inforwaves/xamit-app-frontend
2025-10-08,Add init.gradle for namespace handling and update build configurations,Inforwaves/xamit-app-frontend
2025-10-08,Update Gradle version to 8.7 and Kotlin plugin version to 1.9.20; remove unused Kotlin dependency,Inforwaves/xamit-app-frontend
2025-10-08,Add Kotlin support and update Gradle version to 8.3,Inforwaves/xamit-app-frontend
2025-10-08,Refactor code structure for improved readability and maintainability,Inforwaves/xamit-app-frontend
2025-11-24,"Merge pull request #34 from Inforwaves/moduleOrderSplashScreen

Fix null safety issues in login.dart and bump version to 1.2.7+34",Inforwaves/xamit-app-frontend
2025-11-24,"Merge pull request #33 from Inforwaves/moduleOrderSplashScreen

Module order splash screen",Inforwaves/xamit-app-frontend
2025-11-18,"feat: add scripts to fix and update orderKey for grades and modules

- Implemented fix-grade-order.js to reorder grades based on numeric values extracted from grade text.
- Created update-orderkeys.js to update orderKey for grades and modules where orderKey is 0 or NULL.
- Added SQL script update-orderkeys.sql for batch updating orderKey in the database.
- Developed update-orderkeys.ts using TypeORM for updating orderKey in a more structured way with entity management.",Inforwaves/xamit_rest_api
2025-11-18,Add orderKey property to CreateGradeDto and Grade entity for sorting,Inforwaves/xamit_rest_api
2025-12-30,feat: rename project in package.json and remove 20 and 200 point payment packages from migration.,Inforwaves/xamit_rest_api
2025-12-29,feat: add idempotency check to prevent duplicate transaction processing and enhance logging,Inforwaves/xamit_rest_api
2025-12-18,"feat: Enhance RevenueCat webhook processing with detailed logging, improved token validation, support for initial purchases, and environment configuration.",Inforwaves/xamit_rest_api
2025-12-15,Merge branch 'paymetGatewayLogic' of https://github.com/Inforwaves/xamit_rest_api into paymetGatewayLogic,Inforwaves/xamit_rest_api
2025-12-11,"feat: Allow payment intent creation by package ID or points, refining package selection logic and metadata.",Inforwaves/xamit_rest_api
2025-12-11,"Update src/transactions/transactions.service.ts

Co-authored-by: Copilot <175728472+Copilot@users.noreply.github.com>",Inforwaves/xamit_rest_api
2025-12-11,feat: update payment system config migration to use varchar for gateway and seed initial payment gateway and package data.,Inforwaves/xamit_rest_api
2025-12-11,refactor: Conditionally alter `payment_system_configs.gateway` column and improve error handling.,Inforwaves/xamit_rest_api
2025-12-11,feat: Enhance payment intent validation and migration robustness by preventing data loss and auto-run in production.,Inforwaves/xamit_rest_api
2025-12-09,"feat: Add payment config debug endpoint, update payment gateway column to VARCHAR, and refresh payment seed data with expanded package options.",Inforwaves/xamit_rest_api
2025-12-09,"feat: Add migration to seed payment gateways and packages, and improve point extraction robustness in transaction processing.",Inforwaves/xamit_rest_api
2025-12-09,feat: integrate PaymentModule into various core application modules.,Inforwaves/xamit_rest_api
2025-12-09,feat: Add payment system configuration module with database migration and integrate it into transactions.,Inforwaves/xamit_rest_api
2025-09-25,feat: implement PasswordInput component and replace Input with PasswordInput in forms for enhanced password visibility control,Inforwaves/yeheli-web-admin
2025-09-25,fix: reset default email and password in login form for security,Inforwaves/yeheli-web-admin
2025-09-25,feat: enhance invite expert form validation and email suggestion functionality,Inforwaves/yeheli-web-admin
2025-09-25,feat: add expert assignment dialog with confirmation and preview functionality,Inforwaves/yeheli-web-admin
2025-09-24,fix: enforce categoryId as a required parameter in askQuestion method,Inforwaves/yeheli-web-admin
2025-09-24,refactor: improve type annotations in category normalization logic,Inforwaves/yeheli-web-admin
2025-09-24,feat: add category management functionality with create and delete operations,Inforwaves/yeheli-web-admin
2025-09-24,feat: add profile management functionality with update and change password features,Inforwaves/yeheli-web-admin
2025-09-23,feat: implement change password functionality for experts with validation and API integration,Inforwaves/yeheli-web-admin
2025-09-22,feat: update pending experts API to handle new response format and filter by status,Inforwaves/yeheli-web-admin
2025-09-22,Implement code changes to enhance functionality and improve performance,Inforwaves/yeheli-web-admin
2025-09-18,feat: remove expert management section from Admin dashboard,Inforwaves/yeheli-web-admin
2025-09-18,feat: enhance debug logging for Entra login API with conditional output,Inforwaves/yeheli-web-admin
2025-09-18,feat: add refresh button to various sections in Admin and Expert dashboards for improved data loading,Inforwaves/yeheli-web-admin
2025-09-18,feat: implement expert removal functionality with confirmation dialog and backend integration,Inforwaves/yeheli-web-admin
2025-09-18,feat: enhance expert authentication handling and improve auth store rehydration logging,Inforwaves/yeheli-web-admin
2025-09-18,"Revert ""feat: update API parameter handling to use Promise for ID extraction in multiple routes""

This reverts commit 9d27ab160d8052d9e4bd8a24fa2c53b59e9ca90b.",Inforwaves/yeheli-web-admin
2025-09-18,feat: implement pending invitations feature in AdminDashboard with loading state and error handling,Inforwaves/yeheli-web-admin
2025-09-18,feat: enhance error handling by implementing formatBackendError utility for improved readability,Inforwaves/yeheli-web-admin
2025-09-18,refactor: streamline Azure AD configuration by removing redundant environment variable checks,Inforwaves/yeheli-web-admin
2025-09-18,feat: update login credentials and enhance Microsoft login flow with success message,Inforwaves/yeheli-web-admin
2025-09-18,feat: validate Azure AD client configuration and improve error handling,Inforwaves/yeheli-web-admin
2025-09-18,"feat: update login credentials and improve Microsoft login flow

- Changed default email and password in the login page to ""expert@example.com"" and ""secret"".
- Simplified Microsoft login handling by removing unnecessary success check.
- Updated demo login information displayed on the login page.
- Added new SVG logo for branding.",Inforwaves/yeheli-web-admin
2025-09-17,feat: update API parameter handling to use Promise for ID extraction in multiple routes,Inforwaves/yeheli-web-admin
2025-09-16,"Refactor: Remove expert approval, pending, and registration APIs; implement expert invitation and password setup functionality

- Deleted the expert approval and pending expert retrieval APIs to streamline admin operations.
- Removed the expert registration API and associated logic from the auth hook.
- Introduced a new API for inviting experts with necessary fields and admin authentication.
- Added a password setup API for new experts, allowing them to set their password via a secure hash.
- Created a new Setup Password page for user experience, including validation for password strength and confirmation.
- Updated the expert dashboard to reflect changes in authentication and loading states.
- Enhanced error handling and logging across the authentication and API layers.",Inforwaves/yeheli-web-admin
2025-09-15,feat: enhance admin dashboard with initial loading state management and data fetching improvements,Inforwaves/yeheli-web-admin
2025-09-15,"feat: remove deprecated phone OTP request and verification routes, and clean up related code",Inforwaves/yeheli-web-admin
2025-09-15,feat: enhance admin dashboard with pagination and improved data loading for questions and answers,Inforwaves/yeheli-web-admin
2025-09-12,feat: implement phone OTP request and verification flow in AskPage component,Inforwaves/yeheli-web-admin
2025-09-11,feat: implement answer counts API endpoint and refactor answer retrieval logic in admin dashboard,Inforwaves/yeheli-web-admin
2025-09-11,"feat: enhance admin dashboard with answer review functionality, including status tracking and loading states",Inforwaves/yeheli-web-admin
2025-09-11,"feat: enhance message and thread filtering capabilities, add expert thread retrieval",Inforwaves/yeheli-web-admin
2025-09-11,feat: Enhance role-based access control and normalize message types in API responses,Inforwaves/yeheli-web-admin
2025-09-10,feat: Implement idToken re-exchange fallback in authentication flow and retain idToken in session,Inforwaves/yeheli-web-admin
2025-09-10,feat: Add user management functionality to admin dashboard with user activation/deactivation and loading state,Inforwaves/yeheli-web-admin
2025-09-10,feat: Implement user management API with role-based access and status update functionality,Inforwaves/yeheli-web-admin
2025-09-10,"Refactor authentication handling and API routes for admin and expert roles

- Unified authentication checks using `getAuthenticatedUser` across admin and expert API routes.
- Updated admin routes to use new authentication utility and improved error handling.
- Enhanced expert routes to ensure proper role checks and token usage.
- Added new API endpoints for reviewing answers and updating expert statuses.
- Improved logging for better debugging and monitoring of API requests.
- Ensured backward compatibility for existing parameters in assignment routes.
- Cleaned up unused session checks and streamlined authorization header management.",Inforwaves/yeheli-web-admin
2025-09-09,"Refactor expert question handling to thread management

- Updated the GET endpoint for expert questions to fetch assigned threads based on expert ID.
- Changed the response structure from questions to threads in the ExpertDashboard component.
- Modified the reply functionality to handle thread replies instead of question replies.
- Adjusted the user role checks to use role IDs instead of names for consistency.
- Implemented new API routes for admin category management, thread assignment, and statistics retrieval.
- Enhanced error handling and logging for better debugging.
- Updated TypeScript types to reflect changes in the data model, including threads and messages.",Inforwaves/yeheli-web-admin
2025-09-09,feat: Enhance admin dashboard with role-based access control and loading/error handling,Inforwaves/yeheli-web-admin
2025-09-09,"feat: Implement admin dashboard for managing experts and questions

- Extend session types in auth.ts to include user role and provider information.
- Create AdminDashboard component for admin functionalities including viewing pending and active experts, and managing questions.
- Add API routes for approving experts, fetching active and pending experts, and retrieving questions.
- Implement ExpertDashboard for experts to view assigned questions and submit replies.
- Create PendingApprovalPage to inform users about their registration status.",Inforwaves/yeheli-web-admin
2025-09-09,"feat: implement UI components for input, label, select, separator, sheet, sonner, switch, table, tabs, textarea
feat: add authentication hooks and API service for user management
feat: integrate NextAuth for Azure AD authentication
chore: set up Zustand store for global state management
chore: define TypeScript types for user and API responses
chore: configure TypeScript settings for the project",Inforwaves/yeheli-web-admin
2025-10-23,feat: implement hash verification for setup password flow and handle user activation status,Inforwaves/yeheli-web-admin
2025-10-22,refactor: remove debugging information from authentication flow in Admin and Login pages,Inforwaves/yeheli-web-admin
2025-10-20,fix: include questionId in reply requests and improve message filtering logic,Inforwaves/yeheli-web-admin
2025-10-20,"Enhance Expert Dashboard and API for Improved Message Handling

- Updated API endpoints to support filtering of expert threads based on query parameters.
- Improved message normalization in API responses to handle message types and sorting.
- Refactored ExpertDashboard component to utilize memoization for performance optimization.
- Added logic to manage conversation entries, including distinguishing between bot-generated and user messages.
- Enhanced UI to display conversation history with improved layout and information clarity.
- Implemented new state management for pending, approved, and rejected answers with better sorting and display.
- Introduced helper functions for question previews and message type handling.
- Updated Message type to include `isBotGenerated` property for better message categorization.",Inforwaves/yeheli-web-admin
2025-09-29,"Refactor Expert Dashboard: Implement responsive tabs and dropdown for mobile, enhance layout, and improve thread management features",Inforwaves/yeheli-web-admin
2025-09-29,fix: remove duplicate @types/node entry from dependencies in package.json,Inforwaves/yeheli-web-admin
2025-09-29,"chore: update dependencies and improve package.json formatting

- Updated @types/node from ^20 to ^24.5.2 in package.json and yarn.lock
- Updated undici-types from ~6.21.0 to ~7.12.0 in yarn.lock
- Added tw-animate-css to dependencies in package.json
- Cleaned up formatting in package.json for better readability",Inforwaves/yeheli-web-admin
2025-09-29,fix: format package.json for better readability; adjust indentation for dependencies,Inforwaves/yeheli-web-admin
2025-09-29,fix: update ESLint configuration to lower warnings for TypeScript and React rules; modify Next.js config for build error handling; adjust package.json scripts for build process,Inforwaves/yeheli-web-admin
2025-09-29,fix: add typescript as a dependency in package.json,Inforwaves/yeheli-web-admin
2025-10-23,"Merge pull request #3 from Inforwaves/expertConversation

Expert conversation",Inforwaves/yeheli-web-admin
2025-09-18,feat: add getPendingInvites endpoint and fix husky pre-commit hook,Inforwaves/yeheli-web-be
2025-09-17,"Merge pull request #7 from Inforwaves/feat/superAdminUI

Feat/super admin UI",Inforwaves/yeheli-web-be
2025-09-17,"Merge pull request #5 from Inforwaves/feat/inviteExperts

feat: implement expert invitation functionality with email notifications",Inforwaves/yeheli-web-be
2025-09-16,feat: implement expert invitation functionality with email notifications,Inforwaves/yeheli-web-be
2025-09-12,feat: update OTP generation and verification to use 4-digit format,Inforwaves/yeheli-web-be
2025-09-11,feat: add message filtering capabilities and answer counts by status,Inforwaves/yeheli-web-be
2025-09-11,"feat: enhance message and thread filtering capabilities, add expert thread retrieval",Inforwaves/yeheli-web-be
2025-09-10,feat: implement phone OTP authentication with request and verification endpoints,Inforwaves/yeheli-web-be
2025-09-10,"Merge pull request #3 from Inforwaves/dev

Dev",Inforwaves/yeheli-web-be
2025-09-10,Merge branch 'feat/superAdminUI' into dev,Inforwaves/yeheli-web-be
2025-09-10,refactor: improve code formatting and readability in various service and controller files,Inforwaves/yeheli-web-be
2025-09-10,feat: add review reason to messages and implement filtering for message queries,Inforwaves/yeheli-web-be
2025-10-21,"feat: add public integration endpoint for FAQ categories

- Change route from categories/integration to integration/categories
- Add integration group to Category.name serialization
- Create public endpoint without authentication for Strapi
- Add test endpoint for diagnostics",Inforwaves/yeheli-web-be
2025-10-21,"feat: add integration and test public controllers, update category exposure groups",Inforwaves/yeheli-web-be
2025-10-20,"feat: add userSeenAt, expertSeenAt, and isBotGenerated fields to message queries",Inforwaves/yeheli-web-be
2025-09-26,feat(stats): enhance stats response to include expert specialization counts,Inforwaves/yeheli-web-be
2025-09-25,"feat(users): update user data to nullify email, phone, and entraId on removal",Inforwaves/yeheli-web-be
2025-09-24,"Merge pull request #12 from Inforwaves/passwordChange

Password change",Inforwaves/yeheli-web-be
2025-09-24,Merge branch 'dev' into passwordChange,Inforwaves/yeheli-web-be
2025-09-24,feat(categories): implement findAll method for categories retrieval,Inforwaves/yeheli-web-be
2025-09-23,feat(admin): describe what you changed,Inforwaves/yeheli-web-be
2025-09-23,feat(auth): implement change password functionality with validation,Inforwaves/yeheli-web-be
2025-09-22,fix(controller): add versioning to HomeController,Inforwaves/yeheli-web-be
2025-10-23,feat: add verify setup hash endpoint and service method,Inforwaves/yeheli-web-be
2025-10-21,"Merge pull request #23 from Inforwaves/bot-messages

Bot messages",Inforwaves/yeheli-web-be
2025-10-23,feat: enhance email templates with updated styles and structure,Inforwaves/yeheli-web-be
2025-10-23,"Merge pull request #25 from Inforwaves/bugFixes

feat: add verify setup hash endpoint and service method",Inforwaves/yeheli-web-be
2025-09-26,style: format imports for better readability in categories integration controller,Inforwaves/yeheli-web-be
2025-09-26,feat(categories): add categories integration endpoint with response DTO,Inforwaves/yeheli-web-be
2025-09-09,"Merge pull request #1 from Inforwaves/feat/microsoft-auth to adminDashboard

Feat/microsoft auth",Inforwaves/yeheli-web-be
2025-09-09,feat: enhance user seed service to include email and password for admin accounts,Inforwaves/yeheli-web-be
2025-09-08,"feat: add findAll endpoints for categories, threads, and messages",Inforwaves/yeheli-web-be
2025-10-02,feat: add CategoriesIntegrationController and integrate strapi API key validation,Inforwaves/yeheli-web-be
2025-09-23,"feat(i18n): enhance UI with friendly fields for blog and hero sections, and update login modal content",Inforwaves/yeheli-web-fe
2025-09-22,fix(ui): improve loading state display in StatsSectionStrapi component,Inforwaves/yeheli-web-fe
2025-09-22,refactor: streamline stats fetching and update display logic,Inforwaves/yeheli-web-fe
2025-09-22,"Refactor layout and remove unused components

- Updated layout.tsx to replace FooterStrapi with Footer component.
- Deleted BlogSection and FeaturedPost components as they are no longer needed.
- Removed FaqSection, FooterStrapi, HeaderStrapi, HeroSection, HiworksSectionStrapi, LogoCarousel, and StatsSection components due to redundancy or migration to new implementations.",Inforwaves/yeheli-web-fe
2025-09-09,"Merge pull request #15 from Inforwaves/strapiNew

Strapi new",Inforwaves/yeheli-web-fe
2025-09-09,refactor: clean up imports and improve type definitions in various components,Inforwaves/yeheli-web-fe
2025-09-09,"Merge pull request #14 from Inforwaves/sanuli-ui-changes

Sanuli UI changes",Inforwaves/yeheli-web-fe
2025-09-09,feat: integrate Header component into LocaleLayoutStrapi and update Header import,Inforwaves/yeheli-web-fe
2025-09-02,feat: integrate FaqSectionStrapi component and update FAQ data fetching logic,Inforwaves/yeheli-web-fe
2025-09-01,feat: add logging for logo carousel data fetching and processing,Inforwaves/yeheli-web-fe
2025-09-01,feat: add TestStrapi component to fetch and display hero section data from Strapi API,Inforwaves/yeheli-web-fe
2025-09-01,"Implement Strapi integration for Header, Footer, Blog, Hiworks, and Locale layout components",Inforwaves/yeheli-web-fe
2025-09-01,"Add HeroSection, LogoCarousel, and StatsSection components with Strapi integration",Inforwaves/yeheli-web-fe
2025-08-28,"Streamline imports, enhance navigation label handling, and improve fallback logic for translations",Inforwaves/yeheli-web-fe
2025-08-28,Update ChatbotSection styles and iframe scaling; adjust LogoCarousel padding,Inforwaves/yeheli-web-fe
2025-08-28,Refactor Home component: comment out unused sections and implement redirect to '/en',Inforwaves/yeheli-web-fe
2025-08-28,Add React Suspense for lazy loading of LocaleSwitcher.,Inforwaves/yeheli-web-fe
2025-08-28,"Merge pull request #10 from Inforwaves/language

Refactor internationalization handling: update translation key usage â€¦",Inforwaves/yeheli-web-fe
2025-08-28,"Refactor internationalization handling: update translation key usage in FaqSection, improve locale switching logic in LocaleSwitcher, and streamline form submission in LoginModal for better clarity and performance.",Inforwaves/yeheli-web-fe
2025-08-28,"Merge pull request #9 from Inforwaves/language

Language",Inforwaves/yeheli-web-fe
2025-08-28,Merge branch 'test-dev' into language,Inforwaves/yeheli-web-fe
2025-08-27,"Implementlanguages across components: update FAQ, footer, Hiworks, and stats sections for localization; add translations for English, Sinhala, and Tamil; refactor message handling for improved clarity and structure.",Inforwaves/yeheli-web-fe
2025-08-27,Implement internationalization enhancements: update middleware and routing for locale management; refactor components for improved localization; add locale switcher and update message files for multiple languages.,Inforwaves/yeheli-web-fe
2025-08-27,Refactor message loading logic for internationalization: streamline message imports and improve code readability; ensure consistent structure across locale files.,Inforwaves/yeheli-web-fe
2025-08-27,"Implement internationalization support: add middleware configuration, update request handling, and create message files for multiple locales.",Inforwaves/yeheli-web-fe
2025-08-27,"Implement internationalization support with next-intl; update routing, request handling, and locale management; add locale-specific components and messages.",Inforwaves/yeheli-web-fe
2025-08-27,Refactor HeroSection component: enhance mobile responsiveness and layout; integrate chat bubble and action links for improved user experience.,Inforwaves/yeheli-web-fe
2025-08-27,"Merge pull request #7 from Inforwaves/Ui-fixes

UI fixes to test-dev",Inforwaves/yeheli-web-fe
2025-08-27,Merge branch 'test-dev' into Ui-fixes,Inforwaves/yeheli-web-fe
2025-08-27,Refactor BlogSection and FeaturedPost components for improved layout and styling; adjust padding and text sizes for better responsiveness.,Inforwaves/yeheli-web-fe
2025-08-27,Refactor HeroSection component: move to new file and enhance layout with ChatBubble,Inforwaves/yeheli-web-fe
2025-08-27,added smooth scrolling and fixed action buttons on hero section.,Inforwaves/yeheli-web-fe
2025-08-26,"Merge pull request #5 from Inforwaves/heroSection

Implement code changes to enhance functionality and improve performance",Inforwaves/yeheli-web-fe
2025-08-26,Implement code changes to enhance functionality and improve performance,Inforwaves/yeheli-web-fe
2025-08-26,"Merge pull request #4 from Inforwaves/heroSection

Refactor SVG icons and update text content",Inforwaves/yeheli-web-fe
2025-08-26,"Refactor SVG icons and update text content

- Updated the call.svg icon with new filter and clip-path IDs, adjusted circle position.
- Replaced the whatsapp.svg icon with a new design and removed gradient definitions.
- Modified the FeaturedPost component to improve text readability by removing unnecessary punctuation.
- Adjusted the HeroSection component to remove unnecessary classes from the Image component for better styling consistency.",Inforwaves/yeheli-web-fe
2025-08-26,"Merge pull request #2 from Inforwaves/heroSection

feat: Add ChatBubble and HeroSection components with responsive design",Inforwaves/yeheli-web-fe
2025-08-26,"feat: Add ChatBubble and HeroSection components with responsive design

- Implemented ChatBubble component with SVG backgrounds for desktop and mobile views.
- Created HeroSection component that utilizes ChatBubble and includes action links.
- Added responsive behavior to adjust layout based on screen size.
- Integrated background image and gradient overlay for improved text readability.",Inforwaves/yeheli-web-fe
2025-08-26,"feat: add BlogSection and FeaturedPost components for blog feature

- Implemented BlogSection component to display featured post and image in a responsive layout.
- Created FeaturedPost component to manage and display post content including title, category, and description.",Inforwaves/yeheli-web-fe
2025-08-26,"Refactor: Move BlogSection, LogoCarousel, and StatsSection components; update imports in Home page",Inforwaves/yeheli-web-fe
2025-08-26,"Merge pull request #1 from Inforwaves/Zijja

Zijja",Inforwaves/yeheli-web-fe
2025-08-26,Merge branch 'test-dev' into Zijja,Inforwaves/yeheli-web-fe
2025-08-26,Add BlogSection component for Breast Cancer Awareness Month,Inforwaves/yeheli-web-fe
2025-08-25,"Implement StatsSection component with updated layout and data
- Add new SVG icons for meditation, mental health, and visitors.",Inforwaves/yeheli-web-fe
2025-08-25,"Add LogoCarousel component with responsive logo slider

- Implemented LogoCarousel component using react-slick for a responsive logo slider.
- Added logos for National Institute of Mental Health, Without Borders, Doc990, Hithawathi, and Dialog.
- Configured slider settings for autoplay and responsiveness across different screen sizes.",Inforwaves/yeheli-web-fe
2025-09-30,fix: downgrade error logging from console.error to console.log to reduce noise,Inforwaves/yeheli-web-fe
2025-09-30,fix: add app_location parameter to close pull request job in Azure workflow,Inforwaves/yeheli-web-fe
2025-09-30,fix: add missing Azure Static Web Apps API token to close PR job,Inforwaves/yeheli-web-fe
2025-09-29,"Merge pull request #32 from Inforwaves/buildFixes

Update Node.js version in package.json from 22.14.0 to 20",Inforwaves/yeheli-web-fe
2025-09-29,Update Node.js version in package.json from 22.14.0 to 20,Inforwaves/yeheli-web-fe
2025-09-29,"Merge pull request #31 from Inforwaves/buildFixes

Enhance fetchFromStrapi function to support custom fetch options and â€¦",Inforwaves/yeheli-web-fe
2025-09-29,Enhance fetchFromStrapi function to support custom fetch options and improve ISR caching behavior,Inforwaves/yeheli-web-fe
2025-09-29,"Merge pull request #30 from Inforwaves/buildFixes

Update Node.js version in CI workflow from 22.14.0 to 20",Inforwaves/yeheli-web-fe
2025-09-29,Update Node.js version in CI workflow from 22.14.0 to 20,Inforwaves/yeheli-web-fe
2025-09-29,"Merge pull request #29 from Inforwaves/buildFixes

Update CI build command to install devDependencies and upgrade @typesâ€¦",Inforwaves/yeheli-web-fe
2025-09-29,Update CI build command to install devDependencies and upgrade @types/node to version 22,Inforwaves/yeheli-web-fe
2025-09-29,"Merge pull request #28 from Inforwaves/buildFixes

Remove duplicate @tailwindcss/postcss dependency from devDependenciesâ€¦",Inforwaves/yeheli-web-fe
2025-09-29,Remove duplicate @tailwindcss/postcss dependency from devDependencies and add it to dependencies,Inforwaves/yeheli-web-fe
2025-09-29,"Merge pull request #27 from Inforwaves/buildFixes

Refactor layout component to improve structure and remove unused fontâ€¦",Inforwaves/yeheli-web-fe
2025-09-29,Refactor layout component to improve structure and remove unused font imports,Inforwaves/yeheli-web-fe
2025-09-26,feat: enhance FAQ category interface by adding source_id property,Inforwaves/yeheli-web-fe
2025-09-26,fix: correct motion component wrapping in Footer for proper animation,Inforwaves/yeheli-web-fe
2025-09-26,"Merge pull request #23 from Inforwaves/fixAiChat

Fix ai chat",Inforwaves/yeheli-web-fe
2025-09-26,Merge branch 'dev' into fixAiChat,Inforwaves/yeheli-web-fe
2025-09-26,refactor: enforce maximum question length and improve error handling in HiworksSections,Inforwaves/yeheli-web-fe
2025-09-26,refactor: enhance error handling and accessibility in HiworksSections and LoginModal components,Inforwaves/yeheli-web-fe
2025-09-26,refactor: update motion easing functions for improved animation consistency,Inforwaves/yeheli-web-fe
2025-09-26,"Enhance UI with Framer Motion animations across multiple components

- Implemented fade-in and scale animations in FaqSectionStrapi for category pills and questions.
- Added motion effects to Footer for smoother transitions.
- Introduced animated header reveal in Header component.
- Enhanced HeroSectionStrapi with background and text animations.
- Applied staggered animations in HiworksSections for message display.
- Integrated motion effects in LocaleSwitcher for a dynamic language selection.
- Improved LogoCarouselStrapi with hover scaling effects.
- Animated StatsSectionStrapi to display statistics with engaging transitions.
- Created a new motion utility file to define reusable animation variants.",Inforwaves/yeheli-web-fe
2025-09-25,refactor: streamline question submission logic and enhance auto-submit functionality,Inforwaves/yeheli-web-fe
2025-09-25,refactor: adjust LocaleSwitcher minimum width for better responsiveness,Inforwaves/yeheli-web-fe
2025-09-25,refactor: update LocaleSwitcher styling for improved visual consistency,Inforwaves/yeheli-web-fe
2025-09-25,"Merge pull request #22 from Inforwaves/fixAiChat

refactor: replace native select with custom Select component for imprâ€¦",Inforwaves/yeheli-web-fe
2025-09-25,refactor: replace native select with custom Select component for improved styling and functionality,Inforwaves/yeheli-web-fe
2025-09-25,"Merge pull request #21 from Inforwaves/fixAiChat

Fix ai chat",Inforwaves/yeheli-web-fe
2025-09-25,refactor: enhance LocaleSwitcher styling and structure for improved UX,Inforwaves/yeheli-web-fe
2025-09-25,refactor: clean up imports and improve type usage across components,Inforwaves/yeheli-web-fe
2025-09-24,"Merge pull request #20 from Inforwaves/feat/backend

refactor: update otp input length to 6",Inforwaves/yeheli-web-fe
2025-09-24,Merge branch 'dev' into feat/backend,Inforwaves/yeheli-web-fe
2025-09-24,"Merge pull request #18 from Inforwaves/feat/expert-chat-integration

Add Parent-iframe communication in chatbot",Inforwaves/yeheli-web-fe
2025-09-24,"Merge pull request #19 from Inforwaves/refactor/cleanUp

Refactor/clean up",Inforwaves/yeheli-web-fe
2025-09-24,feat(ui): enhance header and login modal with Strapi integration and dynamic content,Inforwaves/yeheli-web-fe
2025-08-28,"Merge pull request #12 from Inforwaves/test-dev

Test dev",Inforwaves/yeheli-web-fe
2025-10-22,"Merge pull request #43 from Inforwaves/strapiChnages

Refactor code structure for improved readability and maintainability",Inforwaves/yeheli-web-fe
2025-10-22,Refactor code structure for improved readability and maintainability,Inforwaves/yeheli-web-fe
2025-10-22,"Merge pull request #42 from Inforwaves/strapiChnages

fix: update blog and stats section data structure for consistency",Inforwaves/yeheli-web-fe
2025-10-22,fix: update blog and stats section data structure for consistency,Inforwaves/yeheli-web-fe
2025-10-22,"Merge pull request #38 from Inforwaves/fix/stats-section

fix: simplify Stats interface by removing optional bySpecialization pâ€¦",Inforwaves/yeheli-web-fe
2025-10-21,fix: clarify comment in StatsSectionStrapi for fetching stats data,Inforwaves/yeheli-web-fe
2025-10-21,fix: refactor StatsSectionStrapi to use normalized stats and improve data fetching logic,Inforwaves/yeheli-web-fe
2025-10-21,fix: enhance StatsSectionStrapi to fetch and display dynamic content from Strapi,Inforwaves/yeheli-web-fe
2025-10-21,fix: update API endpoint paths for Strapi v5 compatibility,Inforwaves/yeheli-web-fe
2025-10-21,fix: update API endpoint paths for consistency in Strapi functions,Inforwaves/yeheli-web-fe
2025-08-28,"Fix translation inconsistencies in Sinhala localization: correct spelling of ""à¶ºà·™à·„à·™à¶½à·’"" in header and hero sections.",Inforwaves/yeheli-web-fe
2025-09-01,Refactor layout and page components for improved data handling; enhance FaqSection and HiworksSections with better state management; update Strapi data fetching functions for null safety.,Inforwaves/yeheli-web-fe
2025-09-01,Refactor components to support dynamic data from Strapi; add DebugBadge for development; implement revalidation API; enhance status page for API health checks; update LogoCarousel and StatsSection to accept props; improve type definitions for better TypeScript support.,Inforwaves/yeheli-web-fe
2025-10-22,feat: Update FAQ category schema and synchronization logic to remove localization support and enhance descriptions,Inforwaves/yeheli-web-strapi
2025-10-22,feat: Refactor content type schemas to enhance attributes and remove duplicates,Inforwaves/yeheli-web-strapi
2025-10-21,feat: Enhance AWS S3 configuration with dynamic bucket URL and add CORS support for images and media,Inforwaves/yeheli-web-strapi
2025-10-21,feat: Update stats data structure to use metric keys and enhance descriptions,Inforwaves/yeheli-web-strapi
2025-10-21,feat: Add AWS S3 configuration and ACL handling to environment and plugin settings,Inforwaves/yeheli-web-strapi
2025-10-21,added aws s3 bucket,Inforwaves/yeheli-web-strapi
2025-10-21,"feat: Add Azure Blob Storage integration for Strapi

- Implemented check-upload-config.js to verify Strapi upload configuration and environment variables.
- Created migrate-to-azure.sh for migrating existing media files to Azure Blob Storage.
- Developed setup-azure-container.sh to automate Azure Blob Storage container setup.
- Added test-azure-storage.js to test Azure Blob Storage connection and configuration.
- Introduced verify-azure-setup.sh to validate Azure Storage configuration in Strapi.",Inforwaves/yeheli-web-strapi
2025-10-21,fix: update fetchBackendCategories to make integration key optional and adjust endpoint,Inforwaves/yeheli-web-strapi
2025-10-21,fix: remove deprecated login modal structure and update seeding scripts,Inforwaves/yeheli-web-strapi
2025-10-21,fix: update Buildx setup to use version 3 and clarify configuration,Inforwaves/yeheli-web-strapi
2025-10-20,"Merge pull request #6 from Inforwaves/dev

Dev",Inforwaves/yeheli-web-strapi
2025-10-20,"Merge pull request #2 from Inforwaves/simplify

feat(blog-section): enhance schema with friendly fields and descriptiâ€¦",Inforwaves/yeheli-web-strapi
2025-10-20,Merge branch 'dev' into simplify,Inforwaves/yeheli-web-strapi
2025-09-30,fix: remove unnecessary slot-name from Azure deployment configuration,Inforwaves/yeheli-web-strapi
2025-09-30,Implement code changes to enhance functionality and improve performance,Inforwaves/yeheli-web-strapi
2025-09-30,"Merge pull request #4 from Inforwaves/feat/faq

Feat/faq",Inforwaves/yeheli-web-strapi
2025-09-30,"Add new SVG graphics for meditation, mental health, and visitor statistics

- Introduced a new SVG for meditation statistics with intricate design elements.
- Added a mental health statistics SVG featuring a gradient fill and detailed paths.
- Created a visitor statistics SVG with a linear gradient and dynamic shapes.",Inforwaves/yeheli-web-strapi
2025-09-29,chore: update Node.js engine version to 20 in package.json,Inforwaves/yeheli-web-strapi
2025-09-29,feat: switch database client from SQLite to PostgreSQL and update dependencies,Inforwaves/yeheli-web-strapi
2025-09-26,feat: implement FAQ category synchronization with backend integration,Inforwaves/yeheli-web-strapi
2025-09-24,feat: add login modal with multilingual support and related services,Inforwaves/yeheli-web-strapi
2025-09-23,"feat(blog-section): enhance schema with friendly fields and descriptions for better editor experience

feat(faq-category): add display names and descriptions for fields in FAQ category schema

feat(faq-section): improve field descriptions in FAQ section schema

fix(footer): update footer description to indicate deprecation in current frontend

fix(header): update header description to indicate deprecation in current frontend

feat(hero-section): enrich hero section schema with friendly fields and detailed descriptions

delete(how-it-works-section): remove unused how-it-works-section API and related files

feat(logo-carousel): add display name and description for carousel title in logo carousel schema

feat(stats-section): enhance stats section schema with friendly fields and descriptions

feat(shared/logo-item): add display names and descriptions for logo item fields

feat(shared/menu-item): add display names and descriptions for menu item fields

feat(shared/stat-item): add display names and descriptions for stat item fields

chore(types): update generated types to reflect schema changes and new login modal

feat(scripts): add migration scripts for blog friendly fields and sample blog section creation

feat(login-modal): introduce new login modal schema with localized fields for user input",Inforwaves/yeheli-web-strapi
2025-09-22,chore: remove unused AdminAuditLog interface from content types,Inforwaves/yeheli-web-strapi
2025-09-18,chore: refresh generated strapi typings,Inforwaves/yeheli-web-strapi
2025-09-18,chore: centralize seed media assets,Inforwaves/yeheli-web-strapi
2025-09-18,chore: resolve admin alias relative to config,Inforwaves/yeheli-web-strapi
2025-09-18,docs: document seed workflow and scripts,Inforwaves/yeheli-web-strapi
2025-09-18,chore: align permission seeding with document api,Inforwaves/yeheli-web-strapi
2025-09-18,chore: deprecate legacy seed-data script,Inforwaves/yeheli-web-strapi
2025-09-18,docs: add env example configuration,Inforwaves/yeheli-web-strapi
2025-09-18,feat: harden security and cors middleware,Inforwaves/yeheli-web-strapi
2025-09-18,chore: log and connect public permissions safely,Inforwaves/yeheli-web-strapi
2025-09-18,refactor: modernize public permission bootstrap,Inforwaves/yeheli-web-strapi
2025-09-18,chore: relocate admin stylesheet to extensions,Inforwaves/yeheli-web-strapi
2025-09-18,refactor: drop inline admin style injection,Inforwaves/yeheli-web-strapi
2025-09-18,chore: enable sinhala and tamil admin locales,Inforwaves/yeheli-web-strapi
2025-09-18,refactor: remove redundant faq category field,Inforwaves/yeheli-web-strapi
2025-09-18,feat: attach footer logos in seed data,Inforwaves/yeheli-web-strapi
2025-09-18,feat: seed logo carousel with media assets,Inforwaves/yeheli-web-strapi
2025-09-18,feat: link stats icons to upload media,Inforwaves/yeheli-web-strapi
2025-09-18,feat: attach hero image during seeding,Inforwaves/yeheli-web-strapi
2025-09-18,fix: export how it works seed data,Inforwaves/yeheli-web-strapi
2025-09-18,refactor: align how it works naming,Inforwaves/yeheli-web-strapi
2025-09-18,feat: add header single type,Inforwaves/yeheli-web-strapi
2025-09-18,"feat: Add Yeheli branding and custom theme configuration for Strapi admin

- Introduced new SVG logos for Yeheli branding in admin and public directories.
- Configured custom theme settings including colors and logo paths in `app.tsx`.
- Implemented custom styles for various components in the Strapi admin interface.
- Added SCSS support with primary color variables in `vite.config.ts`.
- Created ""How It Works"" section with localized attributes in the API.
- Implemented core controller, router, and service for the ""How It Works"" section.",Inforwaves/yeheli-web-strapi
2025-09-15,full strapi implimentation.,Inforwaves/yeheli-web-strapi
2025-10-22,feat: Add Sinhala and Tamil locales for FAQ Section with creation and update logic,Inforwaves/yeheli-web-strapi
2025-10-22,"Merge pull request #8 from Inforwaves/ContentFixws

feat: Update FAQ category schema and synchronization logic to remove â€¦",Inforwaves/yeheli-web-strapi
2025-10-22,"Merge pull request #7 from Inforwaves/ContentFixws

Content fixes",Inforwaves/yeheli-web-strapi
